course_id,course_name,nsqf_level,sector,sub_sector,course_duration_hours,minimum_education,required_skill_level,delivery_mode,language,age_min,age_max,job_role,industry,average_salary,local_demand,course_location
NSQ_11000,Domestic Data Entry Operator,1,IT / ITES,IT / ITES Sub-Sector 3,102,No_Formal,Beginner,Online,"English, Odia, Malayalam",20,36,Web Developer,IT / ITES,10887,Medium,Gujarat
NSQ_11001,Domestic Data Entry Operator,4,IT / ITES,IT / ITES Sub-Sector 5,294,No_Formal,Beginner,Offline,"Telugu, Hindi, Bengali",20,45,Cybersecurity Specialist,IT / ITES,24141,High,Bihar
NSQ_11002,Cloud Computing Basics,2,IT / ITES,IT / ITES Sub-Sector 3,194,No_Formal,Beginner,Online,"Kannada, Odia, English",20,37,Cybersecurity Specialist,IT / ITES,20371,High,Madhya Pradesh
NSQ_11003,Domestic Data Entry Operator,1,IT / ITES,IT / ITES Sub-Sector 2,114,No_Formal,Beginner,Online,"Gujarati, English",21,55,Cybersecurity Specialist,IT / ITES,11245,High,Madhya Pradesh
NSQ_11004,Cybersecurity Basics,5,IT / ITES,IT / ITES Sub-Sector 1,390,Secondary,Intermediate,Online,"Tamil, Bengali, Kannada, English",18,55,Data Entry Operator,IT / ITES,35436,Low,Madhya Pradesh
NSQ_11005,Cybersecurity Basics,4,IT / ITES,IT / ITES Sub-Sector 1,188,Middle,Beginner,Blended,"Tamil, Kannada, English",21,39,Cybersecurity Specialist,IT / ITES,23963,High,Karnataka
NSQ_11006,Cloud Computing Basics,4,IT / ITES,IT / ITES Sub-Sector 2,340,Primary,Beginner,Online,English,16,55,Data Entry Operator,IT / ITES,31271,Very_High,Bihar
NSQ_11007,Cloud Computing Basics,4,IT / ITES,IT / ITES Sub-Sector 4,350,Primary,Beginner,Blended,English,18,59,Cybersecurity Specialist,IT / ITES,23649,Very_High,Maharashtra
NSQ_11008,Domestic Data Entry Operator,7,IT / ITES,IT / ITES Sub-Sector 3,504,Secondary,Advanced,Blended,"Telugu, Hindi",16,46,Data Entry Operator,IT / ITES,43677,Low,West Bengal
NSQ_11009,Domestic Data Entry Operator,2,IT / ITES,IT / ITES Sub-Sector 3,118,No_Formal,Beginner,Online,"Malayalam, Hindi",15,58,Cloud Computing Specialist,IT / ITES,20275,Medium,Maharashtra
NSQ_11010,Cloud Computing Basics,6,IT / ITES,IT / ITES Sub-Sector 2,321,Senior_Secondary,Intermediate,Blended,"Tamil, Odia, Hindi",18,47,Cybersecurity Specialist,IT / ITES,37059,Very_High,Bihar
NSQ_11011,Web Developer,2,IT / ITES,IT / ITES Sub-Sector 1,190,No_Formal,Beginner,Online,"Tamil, Hindi, English",14,42,Web Developer,IT / ITES,20919,High,Bihar
NSQ_11012,Web Developer,3,IT / ITES,IT / ITES Sub-Sector 4,94,Primary,Beginner,Online,"Malayalam, Kannada, Tamil, English",20,41,Web Developer,IT / ITES,19291,Very_High,West Bengal
NSQ_11013,Cloud Computing Basics,4,IT / ITES,IT / ITES Sub-Sector 1,130,No_Formal,Beginner,Offline,"Marathi, English, Tamil",17,41,Cloud Computing Specialist,IT / ITES,23970,Medium,Rajasthan
NSQ_11014,Web Developer,6,IT / ITES,IT / ITES Sub-Sector 1,459,Senior_Secondary,Intermediate,Online,"Odia, Hindi",15,59,Data Entry Operator,IT / ITES,32927,Very_High,Tamil Nadu
NSQ_11015,Cloud Computing Basics,6,IT / ITES,IT / ITES Sub-Sector 2,411,Middle,Intermediate,Offline,"Kannada, Telugu, English",21,39,Data Entry Operator,IT / ITES,34909,Low,Gujarat
NSQ_11016,Cybersecurity Basics,2,IT / ITES,IT / ITES Sub-Sector 5,162,No_Formal,Beginner,Blended,Hindi,15,40,Web Developer,IT / ITES,18684,Medium,Karnataka
NSQ_11017,Web Developer,4,IT / ITES,IT / ITES Sub-Sector 1,396,No_Formal,Beginner,Offline,"Malayalam, Odia, Marathi, English",17,56,Cybersecurity Specialist,IT / ITES,25073,Very_High,Maharashtra
NSQ_11018,Cybersecurity Basics,4,IT / ITES,IT / ITES Sub-Sector 1,84,Primary,Beginner,Blended,"English, Malayalam, Tamil",18,39,Cybersecurity Specialist,IT / ITES,32265,Medium,West Bengal
NSQ_11019,Web Developer,4,IT / ITES,IT / ITES Sub-Sector 5,234,Middle,Beginner,Blended,"Hindi, Odia, Telugu",15,39,Cybersecurity Specialist,IT / ITES,23692,Low,Gujarat
NSQ_11020,Cybersecurity Basics,3,IT / ITES,IT / ITES Sub-Sector 2,127,No_Formal,Beginner,Blended,"Telugu, Odia, Kannada, English",14,37,Cloud Computing Specialist,IT / ITES,26030,Low,Uttar Pradesh
NSQ_11021,Web Developer,4,IT / ITES,IT / ITES Sub-Sector 3,162,Middle,Beginner,Offline,"Gujarati, Odia, Hindi",15,37,Data Entry Operator,IT / ITES,28510,High,Gujarat
NSQ_21022,Pharmacy Assistant,2,Healthcare,Healthcare Sub-Sector 3,133,No_Formal,Beginner,Offline,"Tamil, Hindi",19,59,Pharmacy Assistant,Healthcare,21411,Medium,Madhya Pradesh
NSQ_21023,Home Health Aide,6,Healthcare,Healthcare Sub-Sector 1,255,Senior_Secondary,Intermediate,Offline,"Tamil, Telugu, Hindi",15,47,Healthcare Assistant,Healthcare,43450,Medium,Madhya Pradesh
NSQ_21024,Phlebotomy Technician,3,Healthcare,Healthcare Sub-Sector 2,97,No_Formal,Beginner,Blended,"Gujarati, English",18,37,Phlebotomy Technician,Healthcare,21630,Very_High,Gujarat
NSQ_21025,General Duty Assistant,2,Healthcare,Healthcare Sub-Sector 3,85,No_Formal,Beginner,Offline,English,20,46,Phlebotomy Technician,Healthcare,17542,Low,Karnataka
NSQ_21026,Home Health Aide,3,Healthcare,Healthcare Sub-Sector 4,40,Primary,Beginner,Blended,"Tamil, Marathi, Gujarati, Hindi",19,54,Phlebotomy Technician,Healthcare,24503,Low,Rajasthan
NSQ_21027,Phlebotomy Technician,5,Healthcare,Healthcare Sub-Sector 3,286,Secondary,Intermediate,Offline,"Bengali, Tamil, Gujarati, English",16,54,Phlebotomy Technician,Healthcare,31760,Low,Rajasthan
NSQ_21028,Home Health Aide,4,Healthcare,Healthcare Sub-Sector 5,390,Middle,Beginner,Offline,"Kannada, Malayalam, Hindi",21,60,Home Health Aide,Healthcare,29779,High,Gujarat
NSQ_21029,Phlebotomy Technician,2,Healthcare,Healthcare Sub-Sector 2,119,No_Formal,Beginner,Online,Hindi,14,42,Pharmacy Assistant,Healthcare,18801,Low,Tamil Nadu
NSQ_21030,Home Health Aide,5,Healthcare,Healthcare Sub-Sector 4,332,Middle,Intermediate,Online,Hindi,15,59,Pharmacy Assistant,Healthcare,29288,Very_High,Uttar Pradesh
NSQ_21031,Home Health Aide,6,Healthcare,Healthcare Sub-Sector 1,468,Middle,Intermediate,Offline,"Odia, Malayalam, Marathi, English",20,52,Pharmacy Assistant,Healthcare,44037,Very_High,Tamil Nadu
NSQ_21032,Home Health Aide,5,Healthcare,Healthcare Sub-Sector 3,346,Middle,Intermediate,Blended,"Telugu, English",15,57,Phlebotomy Technician,Healthcare,29495,High,West Bengal
NSQ_21033,General Duty Assistant,2,Healthcare,Healthcare Sub-Sector 2,138,No_Formal,Beginner,Online,"Tamil, English, Gujarati",20,45,Pharmacy Assistant,Healthcare,17393,Medium,Karnataka
NSQ_21034,General Duty Assistant,6,Healthcare,Healthcare Sub-Sector 5,411,Secondary,Intermediate,Online,"Telugu, Gujarati, English",17,50,Home Health Aide,Healthcare,34548,Very_High,Uttar Pradesh
NSQ_21035,Phlebotomy Technician,5,Healthcare,Healthcare Sub-Sector 4,164,Middle,Intermediate,Online,"Odia, Hindi, Gujarati",14,37,Pharmacy Assistant,Healthcare,28191,Very_High,Maharashtra
NSQ_21036,Phlebotomy Technician,4,Healthcare,Healthcare Sub-Sector 2,312,Primary,Beginner,Offline,"Telugu, Gujarati, English",15,50,Healthcare Assistant,Healthcare,30789,Low,West Bengal
NSQ_21037,General Duty Assistant,5,Healthcare,Healthcare Sub-Sector 1,94,Primary,Intermediate,Online,"Malayalam, Hindi",17,39,Pharmacy Assistant,Healthcare,35236,Medium,Tamil Nadu
NSQ_21038,Phlebotomy Technician,5,Healthcare,Healthcare Sub-Sector 2,390,Secondary,Intermediate,Blended,"English, Bengali, Telugu",15,53,Healthcare Assistant,Healthcare,38661,Very_High,Karnataka
NSQ_21039,Home Health Aide,2,Healthcare,Healthcare Sub-Sector 2,66,No_Formal,Beginner,Offline,"Malayalam, English, Hindi",19,52,Pharmacy Assistant,Healthcare,19162,Low,Gujarat
NSQ_21040,Phlebotomy Technician,1,Healthcare,Healthcare Sub-Sector 4,165,No_Formal,Beginner,Offline,"Kannada, Bengali, English",16,58,Phlebotomy Technician,Healthcare,13602,Very_High,Tamil Nadu
NSQ_21041,Phlebotomy Technician,3,Healthcare,Healthcare Sub-Sector 2,62,No_Formal,Beginner,Offline,"Kannada, English",19,35,Pharmacy Assistant,Healthcare,26228,Medium,Tamil Nadu
NSQ_21042,Phlebotomy Technician,5,Healthcare,Healthcare Sub-Sector 3,222,Secondary,Intermediate,Blended,"Odia, Hindi",17,37,Home Health Aide,Healthcare,35904,Very_High,Gujarat
NSQ_21043,Home Health Aide,5,Healthcare,Healthcare Sub-Sector 4,308,Primary,Intermediate,Online,"Tamil, Gujarati, Hindi",18,56,Phlebotomy Technician,Healthcare,32647,High,Karnataka
NSQ_21044,Phlebotomy Technician,4,Healthcare,Healthcare Sub-Sector 4,218,Primary,Beginner,Offline,English,17,45,Healthcare Assistant,Healthcare,30720,Medium,Madhya Pradesh
NSQ_21045,Pharmacy Assistant,3,Healthcare,Healthcare Sub-Sector 5,174,Primary,Beginner,Offline,"Tamil, English",17,46,Home Health Aide,Healthcare,21180,Medium,Rajasthan
NSQ_21046,General Duty Assistant,4,Healthcare,Healthcare Sub-Sector 2,330,No_Formal,Beginner,Online,"Telugu, Kannada, Odia, English",19,40,Healthcare Assistant,Healthcare,25227,Very_High,Bihar
NSQ_21047,Pharmacy Assistant,4,Healthcare,Healthcare Sub-Sector 5,106,No_Formal,Beginner,Online,"Telugu, English, Tamil",15,52,Pharmacy Assistant,Healthcare,29190,Medium,Gujarat
NSQ_21048,Pharmacy Assistant,6,Healthcare,Healthcare Sub-Sector 3,570,Secondary,Intermediate,Offline,"Malayalam, Hindi, English",17,55,Home Health Aide,Healthcare,34422,Low,Maharashtra
NSQ_21049,Home Health Aide,4,Healthcare,Healthcare Sub-Sector 2,80,Primary,Beginner,Offline,"Malayalam, Kannada, Telugu, Hindi",17,44,Phlebotomy Technician,Healthcare,30273,Very_High,Bihar
NSQ_21050,Home Health Aide,6,Healthcare,Healthcare Sub-Sector 5,270,Secondary,Intermediate,Online,"Tamil, Bengali, Telugu, Hindi",15,36,Home Health Aide,Healthcare,42447,High,Tamil Nadu
NSQ_21051,Pharmacy Assistant,5,Healthcare,Healthcare Sub-Sector 4,218,Secondary,Intermediate,Blended,"Kannada, English",14,48,Phlebotomy Technician,Healthcare,34369,Low,Bihar
NSQ_21052,General Duty Assistant,7,Healthcare,Healthcare Sub-Sector 3,561,Secondary,Advanced,Online,"Odia, Kannada, English",16,53,Pharmacy Assistant,Healthcare,45318,Very_High,Bihar
NSQ_31053,Retail Technician 61,3,Retail,Retail Sub-Sector 3,122,Primary,Beginner,Online,"Marathi, English",21,44,Retail Specialist,Retail,24495,Very_High,Gujarat
NSQ_31054,Retail Technician 5,4,Retail,Retail Sub-Sector 3,208,Primary,Beginner,Online,"Odia, Hindi",21,48,Retail Specialist,Retail,23007,High,Tamil Nadu
NSQ_31055,Retail Technician 81,4,Retail,Retail Sub-Sector 1,184,Primary,Beginner,Blended,"Telugu, English",21,38,Retail Specialist,Retail,22723,Medium,Maharashtra
NSQ_31056,Retail Technician 40,4,Retail,Retail Sub-Sector 5,288,No_Formal,Beginner,Online,"Kannada, Hindi",16,50,Retail Specialist,Retail,32845,High,Gujarat
NSQ_31057,Retail Technician 91,3,Retail,Retail Sub-Sector 4,160,No_Formal,Beginner,Offline,"Bengali, Gujarati, Tamil, Hindi",15,43,Retail Specialist,Retail,25508,Very_High,West Bengal
NSQ_31058,Retail Technician 65,3,Retail,Retail Sub-Sector 1,112,Primary,Beginner,Offline,"Malayalam, Kannada, Bengali, English",21,46,Retail Specialist,Retail,21458,Very_High,Tamil Nadu
NSQ_31059,Retail Technician 42,6,Retail,Retail Sub-Sector 2,558,Secondary,Intermediate,Online,"Hindi, Marathi",21,57,Retail Specialist,Retail,44284,Very_High,Karnataka
NSQ_31060,Retail Technician 85,5,Retail,Retail Sub-Sector 2,332,Primary,Intermediate,Online,"Malayalam, Marathi, English",21,38,Retail Specialist,Retail,33342,Very_High,Uttar Pradesh
NSQ_31061,Retail Technician 93,2,Retail,Retail Sub-Sector 2,59,No_Formal,Beginner,Offline,"Malayalam, Gujarati, Hindi",19,56,Retail Specialist,Retail,20587,Very_High,West Bengal
NSQ_31062,Retail Technician 81,5,Retail,Retail Sub-Sector 4,356,Primary,Intermediate,Blended,"Tamil, English",17,58,Retail Specialist,Retail,27593,Low,Bihar
NSQ_31063,Retail Technician 57,3,Retail,Retail Sub-Sector 3,47,No_Formal,Beginner,Offline,"Telugu, English",19,48,Retail Specialist,Retail,19739,Very_High,Maharashtra
NSQ_31064,Retail Technician 22,3,Retail,Retail Sub-Sector 5,137,Primary,Beginner,Blended,"Kannada, Hindi",17,49,Retail Specialist,Retail,24268,Very_High,Rajasthan
NSQ_31065,Retail Technician 86,1,Retail,Retail Sub-Sector 4,113,No_Formal,Beginner,Blended,English,21,46,Retail Specialist,Retail,15535,High,Karnataka
NSQ_31066,Retail Technician 89,3,Retail,Retail Sub-Sector 3,90,No_Formal,Beginner,Offline,"Tamil, English",19,53,Retail Specialist,Retail,21122,High,Uttar Pradesh
NSQ_31067,Retail Technician 85,4,Retail,Retail Sub-Sector 1,368,Middle,Beginner,Blended,"Malayalam, English",18,59,Retail Specialist,Retail,31347,High,Madhya Pradesh
NSQ_31068,Retail Technician 82,3,Retail,Retail Sub-Sector 3,75,Primary,Beginner,Online,"Hindi, Telugu, Kannada",14,53,Retail Specialist,Retail,21756,Medium,Bihar
NSQ_31069,Retail Technician 38,3,Retail,Retail Sub-Sector 4,84,No_Formal,Beginner,Online,"Marathi, Odia, Telugu, Hindi",18,50,Retail Specialist,Retail,27299,High,West Bengal
NSQ_41070,Soil Tester,7,Agriculture,Agriculture Sub-Sector 2,291,Graduate,Advanced,Blended,"Gujarati, Odia, Marathi, Hindi",20,35,Precision Agriculture Technician,Agriculture,43629,Very_High,West Bengal
NSQ_41071,Drone Operator,4,Agriculture,Agriculture Sub-Sector 3,134,Middle,Beginner,Online,"Hindi, Odia",19,54,Organic Farming Technician,Agriculture,29653,Very_High,Rajasthan
NSQ_41072,Soil Tester,2,Agriculture,Agriculture Sub-Sector 1,49,No_Formal,Beginner,Offline,English,17,52,Organic Farming Technician,Agriculture,17198,High,Gujarat
NSQ_41073,Precision Agriculture,6,Agriculture,Agriculture Sub-Sector 1,495,Senior_Secondary,Intermediate,Offline,"Hindi, Marathi",17,49,Drone Operator,Agriculture,44848,High,Bihar
NSQ_41074,Drone Operator,4,Agriculture,Agriculture Sub-Sector 3,110,Primary,Beginner,Offline,English,21,37,Organic Farming Technician,Agriculture,29587,Low,Uttar Pradesh
NSQ_41075,Precision Agriculture,7,Agriculture,Agriculture Sub-Sector 5,276,Secondary,Advanced,Blended,"Malayalam, Hindi",17,45,Organic Farming Technician,Agriculture,47964,Low,Rajasthan
NSQ_41076,Precision Agriculture,4,Agriculture,Agriculture Sub-Sector 2,136,Middle,Beginner,Online,Hindi,19,60,Organic Farming Technician,Agriculture,28995,Low,Maharashtra
NSQ_41077,Organic Farming,2,Agriculture,Agriculture Sub-Sector 4,174,No_Formal,Beginner,Blended,"Kannada, English",19,51,Agriculture Worker,Agriculture,17654,Medium,Uttar Pradesh
NSQ_41078,Drone Operator,4,Agriculture,Agriculture Sub-Sector 1,110,Primary,Beginner,Offline,"English, Kannada",21,37,Agriculture Worker,Agriculture,26007,Medium,Bihar
NSQ_41079,Drone Operator,4,Agriculture,Agriculture Sub-Sector 5,360,Middle,Beginner,Offline,"Malayalam, Odia, English",21,51,Drone Operator,Agriculture,23510,Low,Gujarat
NSQ_41080,Precision Agriculture,4,Agriculture,Agriculture Sub-Sector 2,290,Primary,Beginner,Offline,"Gujarati, English",19,48,Precision Agriculture Technician,Agriculture,29849,High,Maharashtra
NSQ_41081,Soil Tester,2,Agriculture,Agriculture Sub-Sector 1,63,No_Formal,Beginner,Online,"Marathi, Bengali, Hindi",19,56,Agriculture Worker,Agriculture,17357,Very_High,Uttar Pradesh
NSQ_41082,Drone Operator,4,Agriculture,Agriculture Sub-Sector 5,338,No_Formal,Beginner,Online,"Kannada, Tamil, English",19,52,Precision Agriculture Technician,Agriculture,23686,High,Madhya Pradesh
NSQ_41083,Organic Farming,4,Agriculture,Agriculture Sub-Sector 3,94,No_Formal,Beginner,Offline,"Telugu, Marathi, Odia, Hindi",16,39,Drone Operator,Agriculture,23179,Low,Bihar
NSQ_41084,Precision Agriculture,4,Agriculture,Agriculture Sub-Sector 4,254,No_Formal,Beginner,Offline,"Marathi, English",14,39,Organic Farming Technician,Agriculture,30849,Low,Bihar
NSQ_51085,Welding Technician,5,Construction,Construction Sub-Sector 4,390,Middle,Intermediate,Offline,"Tamil, Odia, Hindi",19,48,Mason,Construction,30138,Very_High,Gujarat
NSQ_51086,Electrician,1,Construction,Construction Sub-Sector 4,193,No_Formal,Beginner,Online,"Telugu, Hindi",16,59,Electrician,Construction,11905,Low,Uttar Pradesh
NSQ_51087,Welding Technician,3,Construction,Construction Sub-Sector 4,176,Primary,Beginner,Online,"Odia, Marathi, English",20,58,Mason,Construction,22413,Very_High,Bihar
NSQ_51088,Welding Technician,4,Construction,Construction Sub-Sector 4,228,No_Formal,Beginner,Offline,"Marathi, Hindi",21,57,Electrician,Construction,23387,Low,Madhya Pradesh
NSQ_51089,Welding Technician,4,Construction,Construction Sub-Sector 4,238,Middle,Beginner,Offline,"Marathi, Hindi",15,51,Mason,Construction,28342,Medium,West Bengal
NSQ_51090,Plumbing Basics,3,Construction,Construction Sub-Sector 2,105,No_Formal,Beginner,Online,"Bengali, English, Malayalam",21,49,Welding Technician,Construction,24666,High,West Bengal
NSQ_51091,Welding Technician,2,Construction,Construction Sub-Sector 4,117,No_Formal,Beginner,Blended,"Marathi, Hindi",18,49,Welding Technician,Construction,14670,High,Rajasthan
NSQ_51092,Masonry,4,Construction,Construction Sub-Sector 5,276,Primary,Beginner,Blended,"Hindi, Kannada, Tamil",19,54,Welding Technician,Construction,28015,Low,Tamil Nadu
NSQ_51093,Electrician,7,Construction,Construction Sub-Sector 1,507,Graduate,Advanced,Online,"Tamil, English",21,51,Plumber,Construction,40659,High,Karnataka
NSQ_51094,Electrician,5,Construction,Construction Sub-Sector 1,250,Primary,Intermediate,Offline,"Odia, English",18,43,Plumber,Construction,30800,Medium,West Bengal
NSQ_51095,Welding Technician,2,Construction,Construction Sub-Sector 1,119,No_Formal,Beginner,Offline,"Marathi, Bengali, English",20,51,Electrician,Construction,14531,High,Maharashtra
NSQ_61096,Automotive Technician 28,3,Automotive,Automotive Sub-Sector 4,89,No_Formal,Beginner,Online,English,18,60,Automotive Specialist,Automotive,19330,Low,West Bengal
NSQ_61097,Automotive Technician 99,4,Automotive,Automotive Sub-Sector 5,272,No_Formal,Beginner,Online,"Malayalam, Hindi",21,36,Automotive Specialist,Automotive,27001,Medium,Tamil Nadu
NSQ_61098,Automotive Technician 79,3,Automotive,Automotive Sub-Sector 4,99,Primary,Beginner,Online,"Kannada, Tamil, English",21,49,Automotive Specialist,Automotive,25478,Very_High,Gujarat
NSQ_61099,Automotive Technician 68,4,Automotive,Automotive Sub-Sector 2,182,Middle,Beginner,Online,"Hindi, Kannada",19,52,Automotive Specialist,Automotive,32864,Low,Rajasthan
NSQ_61100,Automotive Technician 11,5,Automotive,Automotive Sub-Sector 3,310,Secondary,Intermediate,Online,"English, Tamil",21,46,Automotive Specialist,Automotive,38682,Very_High,Uttar Pradesh
NSQ_61101,Automotive Technician 51,4,Automotive,Automotive Sub-Sector 2,276,No_Formal,Beginner,Offline,Hindi,19,38,Automotive Specialist,Automotive,31798,High,Maharashtra
NSQ_71102,Electronics Technician 18,1,Electronics,Electronics Sub-Sector 4,75,No_Formal,Beginner,Offline,"Malayalam, Hindi",15,35,Electronics Specialist,Electronics,11730,Medium,Gujarat
NSQ_71103,Electronics Technician 94,4,Electronics,Electronics Sub-Sector 4,136,Primary,Beginner,Online,"English, Hindi",17,48,Electronics Specialist,Electronics,29556,Very_High,Bihar
NSQ_71104,Electronics Technician 15,5,Electronics,Electronics Sub-Sector 4,384,Secondary,Intermediate,Online,"Odia, Tamil, Bengali, English",20,35,Electronics Specialist,Electronics,34515,Medium,Karnataka
NSQ_71105,Electronics Technician 24,5,Electronics,Electronics Sub-Sector 1,348,Middle,Intermediate,Online,"Odia, Malayalam, Hindi",20,50,Electronics Specialist,Electronics,26974,Very_High,West Bengal
NSQ_71106,Electronics Technician 33,5,Electronics,Electronics Sub-Sector 3,114,Middle,Intermediate,Online,"English, Marathi, Bengali",14,46,Electronics Specialist,Electronics,33607,Medium,Tamil Nadu
NSQ_81107,Tourism Technician 90,4,Tourism,Tourism Sub-Sector 2,148,No_Formal,Beginner,Blended,"Hindi, Telugu",17,36,Tourism Specialist,Tourism,31260,Low,West Bengal
NSQ_81108,Tourism Technician 40,4,Tourism,Tourism Sub-Sector 5,322,Primary,Beginner,Online,"Tamil, Telugu, Marathi, Hindi",19,43,Tourism Specialist,Tourism,23794,High,Karnataka
NSQ_81109,Tourism Technician 52,5,Tourism,Tourism Sub-Sector 4,252,Primary,Intermediate,Offline,"Kannada, Marathi, Telugu, Hindi",20,37,Tourism Specialist,Tourism,32084,Medium,Gujarat
NSQ_81110,Tourism Technician 38,3,Tourism,Tourism Sub-Sector 1,123,Primary,Beginner,Offline,"Kannada, Gujarati, Hindi",21,46,Tourism Specialist,Tourism,22513,High,Karnataka
NSQ_81111,Tourism Technician 36,4,Tourism,Tourism Sub-Sector 1,118,Middle,Beginner,Blended,"Marathi, Odia, Hindi",14,39,Tourism Specialist,Tourism,31905,Very_High,Uttar Pradesh
NSQ_81112,Tourism Technician 17,2,Tourism,Tourism Sub-Sector 3,132,No_Formal,Beginner,Blended,"Malayalam, Hindi",21,46,Tourism Specialist,Tourism,17078,Low,Maharashtra
NSQ_81113,Tourism Technician 68,4,Tourism,Tourism Sub-Sector 3,222,No_Formal,Beginner,Online,"Bengali, English",20,52,Tourism Specialist,Tourism,23718,High,Tamil Nadu
NSQ_81114,Tourism Technician 28,7,Tourism,Tourism Sub-Sector 3,495,Secondary,Advanced,Online,English,21,40,Tourism Specialist,Tourism,49857,Very_High,Bihar
NSQ_81115,Tourism Technician 88,7,Tourism,Tourism Sub-Sector 3,384,Graduate,Advanced,Online,"Odia, Telugu, Malayalam, Hindi",16,60,Tourism Specialist,Tourism,40617,Medium,Bihar
NSQ_81116,Tourism Technician 26,5,Tourism,Tourism Sub-Sector 2,332,Primary,Intermediate,Offline,"Malayalam, Marathi, Kannada, Hindi",15,37,Tourism Specialist,Tourism,30482,Very_High,Gujarat
NSQ_81117,Tourism Technician 53,5,Tourism,Tourism Sub-Sector 5,116,Primary,Intermediate,Offline,"English, Kannada, Odia",19,39,Tourism Specialist,Tourism,37989,Medium,Maharashtra
NSQ_91118,Hospitality Technician 56,4,Hospitality,Hospitality Sub-Sector 1,142,Middle,Beginner,Online,"Bengali, Malayalam, English",17,46,Hospitality Specialist,Hospitality,33011,High,Bihar
NSQ_91119,Hospitality Technician 33,3,Hospitality,Hospitality Sub-Sector 5,110,No_Formal,Beginner,Blended,"Malayalam, Odia, Hindi",16,53,Hospitality Specialist,Hospitality,27062,Medium,Maharashtra
NSQ_91120,Hospitality Technician 85,4,Hospitality,Hospitality Sub-Sector 5,252,Middle,Beginner,Online,English,14,55,Hospitality Specialist,Hospitality,31035,High,Madhya Pradesh
NSQ_91121,Hospitality Technician 99,4,Hospitality,Hospitality Sub-Sector 5,94,Primary,Beginner,Blended,"Telugu, Malayalam, Kannada, Hindi",20,44,Hospitality Specialist,Hospitality,27479,Low,Maharashtra
NSQ_91122,Hospitality Technician 57,4,Hospitality,Hospitality Sub-Sector 4,184,Primary,Beginner,Blended,"Marathi, English",19,47,Hospitality Specialist,Hospitality,23864,High,Gujarat
NSQ_91123,Hospitality Technician 72,2,Hospitality,Hospitality Sub-Sector 2,159,No_Formal,Beginner,Offline,"Tamil, Bengali, Hindi",14,44,Hospitality Specialist,Hospitality,21206,Very_High,Madhya Pradesh
NSQ_91124,Hospitality Technician 21,5,Hospitality,Hospitality Sub-Sector 5,240,Primary,Intermediate,Online,"Odia, Kannada, English",18,50,Hospitality Specialist,Hospitality,26705,Very_High,Gujarat
NSQ_91125,Hospitality Technician 59,7,Hospitality,Hospitality Sub-Sector 2,567,Senior_Secondary,Advanced,Online,"Telugu, English",21,44,Hospitality Specialist,Hospitality,43631,Low,Karnataka
NSQ_91126,Hospitality Technician 18,6,Hospitality,Hospitality Sub-Sector 3,429,Secondary,Intermediate,Online,"Hindi, Odia",17,46,Hospitality Specialist,Hospitality,38808,Low,Karnataka
NSQ_91127,Hospitality Technician 65,4,Hospitality,Hospitality Sub-Sector 5,222,Middle,Beginner,Blended,"English, Bengali, Malayalam",20,46,Hospitality Specialist,Hospitality,31302,High,Gujarat
NSQ_101128,Banking / Finance Technician 47,5,Banking / Finance,Banking / Finance Sub-Sector 2,388,Secondary,Intermediate,Offline,"Hindi, Malayalam, Odia",16,57,Banking / Finance Specialist,Banking / Finance,30796,Very_High,Gujarat
NSQ_101129,Banking / Finance Technician 59,2,Banking / Finance,Banking / Finance Sub-Sector 5,75,No_Formal,Beginner,Blended,"Bengali, Gujarati, English",19,51,Banking / Finance Specialist,Banking / Finance,20363,Very_High,Rajasthan
NSQ_101130,Banking / Finance Technician 61,5,Banking / Finance,Banking / Finance Sub-Sector 3,248,Secondary,Intermediate,Online,"Malayalam, Telugu, Hindi",21,43,Banking / Finance Specialist,Banking / Finance,39165,Medium,Uttar Pradesh
NSQ_101131,Banking / Finance Technician 75,4,Banking / Finance,Banking / Finance Sub-Sector 5,396,Primary,Beginner,Online,"Tamil, Hindi, English",17,35,Banking / Finance Specialist,Banking / Finance,27339,Very_High,Maharashtra
NSQ_101132,Banking / Finance Technician 53,5,Banking / Finance,Banking / Finance Sub-Sector 4,336,Secondary,Intermediate,Offline,"Hindi, Bengali, Tamil",19,56,Banking / Finance Specialist,Banking / Finance,32714,Very_High,West Bengal
NSQ_101133,Banking / Finance Technician 23,4,Banking / Finance,Banking / Finance Sub-Sector 5,254,Middle,Beginner,Offline,"Telugu, Kannada, Tamil, Hindi",18,52,Banking / Finance Specialist,Banking / Finance,25743,High,Rajasthan
NSQ_101134,Banking / Finance Technician 91,3,Banking / Finance,Banking / Finance Sub-Sector 4,121,No_Formal,Beginner,Offline,"Telugu, Malayalam, English",20,47,Banking / Finance Specialist,Banking / Finance,25929,Medium,Rajasthan
NSQ_101135,Banking / Finance Technician 6,3,Banking / Finance,Banking / Finance Sub-Sector 1,128,No_Formal,Beginner,Blended,"Kannada, Tamil, Hindi",18,52,Banking / Finance Specialist,Banking / Finance,24804,Medium,Bihar
NSQ_101136,Banking / Finance Technician 79,5,Banking / Finance,Banking / Finance Sub-Sector 2,204,Primary,Intermediate,Blended,"Tamil, Malayalam, Hindi",15,48,Banking / Finance Specialist,Banking / Finance,30759,Very_High,Bihar
NSQ_101137,Banking / Finance Technician 88,5,Banking / Finance,Banking / Finance Sub-Sector 1,360,Primary,Intermediate,Offline,"Kannada, Malayalam, Tamil, English",19,44,Banking / Finance Specialist,Banking / Finance,34925,Low,Madhya Pradesh
NSQ_101138,Banking / Finance Technician 69,5,Banking / Finance,Banking / Finance Sub-Sector 1,168,Middle,Intermediate,Online,"Gujarati, English",16,58,Banking / Finance Specialist,Banking / Finance,39100,High,Uttar Pradesh
NSQ_111139,Beauty & Wellness Technician 2,3,Beauty & Wellness,Beauty & Wellness Sub-Sector 5,67,No_Formal,Beginner,Offline,"Odia, Malayalam, English",16,51,Beauty & Wellness Specialist,Beauty & Wellness,22705,Medium,Bihar
NSQ_111140,Beauty & Wellness Technician 43,3,Beauty & Wellness,Beauty & Wellness Sub-Sector 4,105,Primary,Beginner,Online,"Marathi, English",17,40,Beauty & Wellness Specialist,Beauty & Wellness,24020,Very_High,Karnataka
NSQ_111141,Beauty & Wellness Technician 66,3,Beauty & Wellness,Beauty & Wellness Sub-Sector 4,64,No_Formal,Beginner,Online,"Marathi, Tamil, Hindi",18,47,Beauty & Wellness Specialist,Beauty & Wellness,20566,High,West Bengal
NSQ_111142,Beauty & Wellness Technician 39,4,Beauty & Wellness,Beauty & Wellness Sub-Sector 5,84,Primary,Beginner,Blended,"Tamil, Hindi",15,49,Beauty & Wellness Specialist,Beauty & Wellness,25836,Very_High,Gujarat
NSQ_121143,Logistics Technician 91,5,Logistics,Logistics Sub-Sector 1,230,Middle,Intermediate,Blended,"Tamil, Hindi",21,39,Logistics Specialist,Logistics,32405,High,Karnataka
NSQ_121144,Logistics Technician 90,4,Logistics,Logistics Sub-Sector 4,354,Middle,Beginner,Online,"Malayalam, Hindi",21,51,Logistics Specialist,Logistics,30282,Low,Bihar
NSQ_121145,Logistics Technician 8,5,Logistics,Logistics Sub-Sector 5,182,Secondary,Intermediate,Blended,"Bengali, English",21,38,Logistics Specialist,Logistics,35379,Very_High,Bihar
NSQ_121146,Logistics Technician 66,4,Logistics,Logistics Sub-Sector 1,312,No_Formal,Beginner,Blended,"Kannada, Hindi",21,56,Logistics Specialist,Logistics,31437,Low,Karnataka
NSQ_121147,Logistics Technician 33,5,Logistics,Logistics Sub-Sector 2,376,Primary,Intermediate,Online,"Marathi, English",14,37,Logistics Specialist,Logistics,39417,Very_High,Uttar Pradesh
NSQ_121148,Logistics Technician 37,4,Logistics,Logistics Sub-Sector 2,294,Primary,Beginner,Offline,"Gujarati, Malayalam, Hindi",16,55,Logistics Specialist,Logistics,32035,Low,Maharashtra
NSQ_121149,Logistics Technician 69,4,Logistics,Logistics Sub-Sector 2,194,No_Formal,Beginner,Online,"Kannada, Odia, English",20,42,Logistics Specialist,Logistics,25172,High,Maharashtra
NSQ_121150,Logistics Technician 36,3,Logistics,Logistics Sub-Sector 1,48,Primary,Beginner,Offline,"Hindi, Tamil, Odia",15,38,Logistics Specialist,Logistics,23864,Very_High,Uttar Pradesh
NSQ_121151,Logistics Technician 32,5,Logistics,Logistics Sub-Sector 4,304,Primary,Intermediate,Blended,Hindi,16,51,Logistics Specialist,Logistics,39513,Medium,West Bengal
NSQ_121152,Logistics Technician 74,4,Logistics,Logistics Sub-Sector 3,200,Primary,Beginner,Online,"Odia, Tamil, Gujarati, English",18,36,Logistics Specialist,Logistics,28635,Medium,Karnataka
NSQ_121153,Logistics Technician 72,4,Logistics,Logistics Sub-Sector 3,274,Middle,Beginner,Offline,"Gujarati, Malayalam, Bengali, English",20,40,Logistics Specialist,Logistics,30849,Very_High,Madhya Pradesh
NSQ_121154,Logistics Technician 29,3,Logistics,Logistics Sub-Sector 2,158,No_Formal,Beginner,Blended,"Gujarati, Odia, Hindi",20,42,Logistics Specialist,Logistics,20745,High,Bihar
NSQ_121155,Logistics Technician 58,5,Logistics,Logistics Sub-Sector 1,354,Secondary,Intermediate,Online,"Telugu, English",14,37,Logistics Specialist,Logistics,28883,Medium,Tamil Nadu
NSQ_121156,Logistics Technician 27,6,Logistics,Logistics Sub-Sector 3,351,Middle,Intermediate,Online,English,21,42,Logistics Specialist,Logistics,40973,Medium,Karnataka
NSQ_121157,Logistics Technician 31,4,Logistics,Logistics Sub-Sector 3,274,Primary,Beginner,Blended,"Marathi, Telugu, Odia, English",21,49,Logistics Specialist,Logistics,23504,Very_High,West Bengal
NSQ_121158,Logistics Technician 27,4,Logistics,Logistics Sub-Sector 4,102,Middle,Beginner,Online,"Bengali, Hindi, Telugu",20,44,Logistics Specialist,Logistics,24107,High,Madhya Pradesh
NSQ_131159,Manufacturing Technician 49,4,Manufacturing,Manufacturing Sub-Sector 2,334,Middle,Beginner,Blended,"Marathi, Telugu, Kannada, English",21,40,Manufacturing Specialist,Manufacturing,30607,High,Maharashtra
NSQ_131160,Manufacturing Technician 18,5,Manufacturing,Manufacturing Sub-Sector 4,174,Secondary,Intermediate,Blended,"Odia, Hindi",15,56,Manufacturing Specialist,Manufacturing,27040,Low,Karnataka
NSQ_131161,Manufacturing Technician 18,5,Manufacturing,Manufacturing Sub-Sector 2,114,Secondary,Intermediate,Online,"Tamil, English",19,36,Manufacturing Specialist,Manufacturing,34555,Very_High,Tamil Nadu
NSQ_131162,Manufacturing Technician 3,1,Manufacturing,Manufacturing Sub-Sector 5,145,No_Formal,Beginner,Online,"Telugu, Odia, Malayalam, Hindi",20,60,Manufacturing Specialist,Manufacturing,15286,Medium,Bihar
NSQ_131163,Manufacturing Technician 13,4,Manufacturing,Manufacturing Sub-Sector 2,178,Middle,Beginner,Blended,"Marathi, Telugu, English",15,46,Manufacturing Specialist,Manufacturing,33144,Very_High,Madhya Pradesh
NSQ_131164,Manufacturing Technician 90,3,Manufacturing,Manufacturing Sub-Sector 1,48,No_Formal,Beginner,Offline,"Gujarati, Odia, English",14,55,Manufacturing Specialist,Manufacturing,18486,Medium,Bihar
NSQ_131165,Manufacturing Technician 64,5,Manufacturing,Manufacturing Sub-Sector 3,368,Primary,Intermediate,Blended,"Tamil, Hindi",21,43,Manufacturing Specialist,Manufacturing,27014,Low,Rajasthan
NSQ_131166,Manufacturing Technician 70,4,Manufacturing,Manufacturing Sub-Sector 1,170,Primary,Beginner,Online,"Malayalam, Hindi",20,37,Manufacturing Specialist,Manufacturing,25751,Medium,Karnataka
NSQ_131167,Manufacturing Technician 87,6,Manufacturing,Manufacturing Sub-Sector 3,414,Senior_Secondary,Intermediate,Online,"English, Odia, Marathi",14,38,Manufacturing Specialist,Manufacturing,37043,Low,West Bengal
NSQ_131168,Manufacturing Technician 78,5,Manufacturing,Manufacturing Sub-Sector 5,282,Middle,Intermediate,Online,"Telugu, Kannada, Odia, Hindi",19,52,Manufacturing Specialist,Manufacturing,38823,Very_High,Maharashtra
NSQ_131169,Manufacturing Technician 88,4,Manufacturing,Manufacturing Sub-Sector 4,122,Middle,Beginner,Offline,English,15,43,Manufacturing Specialist,Manufacturing,24127,Medium,Karnataka
NSQ_131170,Manufacturing Technician 41,4,Manufacturing,Manufacturing Sub-Sector 1,82,Primary,Beginner,Offline,"Telugu, English",16,37,Manufacturing Specialist,Manufacturing,24498,Very_High,Gujarat
NSQ_141171,Green Jobs Technician 72,4,Green Jobs,Green Jobs Sub-Sector 1,92,No_Formal,Beginner,Offline,"English, Marathi, Gujarati",14,44,Green Jobs Specialist,Green Jobs,27034,Low,Gujarat
NSQ_141172,Green Jobs Technician 32,4,Green Jobs,Green Jobs Sub-Sector 2,274,No_Formal,Beginner,Online,"Telugu, Malayalam, English",16,37,Green Jobs Specialist,Green Jobs,24272,High,Karnataka
NSQ_141173,Green Jobs Technician 39,4,Green Jobs,Green Jobs Sub-Sector 1,264,Primary,Beginner,Online,"Kannada, Tamil, Malayalam, Hindi",16,44,Green Jobs Specialist,Green Jobs,22475,Very_High,West Bengal
NSQ_141174,Green Jobs Technician 80,4,Green Jobs,Green Jobs Sub-Sector 3,304,Primary,Beginner,Offline,"Malayalam, Bengali, Telugu, English",17,50,Green Jobs Specialist,Green Jobs,25918,Very_High,West Bengal
NSQ_141175,Green Jobs Technician 38,5,Green Jobs,Green Jobs Sub-Sector 4,374,Primary,Intermediate,Offline,"Telugu, Gujarati, English",15,53,Green Jobs Specialist,Green Jobs,29037,Medium,Gujarat
NSQ_141176,Green Jobs Technician 4,7,Green Jobs,Green Jobs Sub-Sector 4,279,Senior_Secondary,Advanced,Offline,"English, Gujarati, Kannada",16,55,Green Jobs Specialist,Green Jobs,39608,High,Maharashtra
NSQ_141177,Green Jobs Technician 92,4,Green Jobs,Green Jobs Sub-Sector 4,116,Primary,Beginner,Blended,"Malayalam, Gujarati, English",14,60,Green Jobs Specialist,Green Jobs,33246,Low,Bihar
NSQ_151178,Telecom Technician 99,3,Telecom,Telecom Sub-Sector 3,82,Primary,Beginner,Blended,"Malayalam, English",19,60,Telecom Specialist,Telecom,22360,Low,Bihar
NSQ_151179,Telecom Technician 34,3,Telecom,Telecom Sub-Sector 5,182,Primary,Beginner,Blended,"Tamil, Kannada, Marathi, English",21,59,Telecom Specialist,Telecom,24651,Medium,West Bengal
NSQ_151180,Telecom Technician 4,4,Telecom,Telecom Sub-Sector 3,292,No_Formal,Beginner,Online,"Bengali, Marathi, Telugu, English",21,60,Telecom Specialist,Telecom,24716,Very_High,West Bengal
NSQ_151181,Telecom Technician 61,2,Telecom,Telecom Sub-Sector 4,121,No_Formal,Beginner,Offline,English,14,45,Telecom Specialist,Telecom,19065,Medium,Madhya Pradesh
NSQ_151182,Telecom Technician 67,3,Telecom,Telecom Sub-Sector 2,124,Primary,Beginner,Offline,"Tamil, Gujarati, Hindi",16,55,Telecom Specialist,Telecom,24447,Very_High,Uttar Pradesh
NSQ_161183,Self-Employment Entrepreneurship,6,Entrepreneurship,Entrepreneurship Sub-Sector 4,573,Secondary,Intermediate,Offline,"Tamil, Hindi",18,59,Micro-Enterprise Owner,Entrepreneurship,39175,Medium,West Bengal
NSQ_161184,Agri-Business & Rural Startup,4,Entrepreneurship,Entrepreneurship Sub-Sector 3,330,Middle,Beginner,Blended,"Malayalam, Gujarati, English",15,46,Small Business Manager,Entrepreneurship,31869,Medium,Rajasthan
NSQ_161185,Self-Employment Entrepreneurship,2,Entrepreneurship,Entrepreneurship Sub-Sector 2,120,No_Formal,Beginner,Online,"English, Bengali",19,57,Agri-Business Founder,Entrepreneurship,18077,Very_High,Maharashtra
NSQ_161186,E-Commerce & Digital Store Setup,4,Entrepreneurship,Entrepreneurship Sub-Sector 4,354,Middle,Beginner,Blended,"Odia, Hindi",21,44,Agri-Business Founder,Entrepreneurship,24495,Very_High,Uttar Pradesh
NSQ_161187,Micro-Enterprise Business Development,4,Entrepreneurship,Entrepreneurship Sub-Sector 2,276,Middle,Beginner,Blended,"Kannada, Gujarati, Malayalam, English",21,50,Agri-Business Founder,Entrepreneurship,23325,Low,Madhya Pradesh
NSQ_161188,Micro-Enterprise Business Development,3,Entrepreneurship,Entrepreneurship Sub-Sector 5,113,No_Formal,Beginner,Offline,"Kannada, Odia, English",15,43,Small Business Manager,Entrepreneurship,23386,Low,Tamil Nadu
NSQ_161189,Agri-Business & Rural Startup,7,Entrepreneurship,Entrepreneurship Sub-Sector 1,309,Senior_Secondary,Advanced,Online,"Telugu, Marathi, Hindi",21,38,Agri-Business Founder,Entrepreneurship,38009,High,Karnataka
NSQ_161190,Self-Employment Entrepreneurship,2,Entrepreneurship,Entrepreneurship Sub-Sector 2,92,No_Formal,Beginner,Blended,"Odia, Telugu, Hindi",19,57,Small Business Manager,Entrepreneurship,16483,High,Gujarat
NSQ_161191,Micro-Enterprise Business Development,2,Entrepreneurship,Entrepreneurship Sub-Sector 4,55,No_Formal,Beginner,Blended,"Bengali, Hindi",16,57,Small Business Manager,Entrepreneurship,20365,Very_High,Tamil Nadu
NSQ_161192,Self-Employment Entrepreneurship,4,Entrepreneurship,Entrepreneurship Sub-Sector 4,272,Primary,Beginner,Online,"English, Gujarati, Telugu",19,49,Digital Store Entrepreneur,Entrepreneurship,26065,Low,Bihar
NSQ_161193,E-Commerce & Digital Store Setup,4,Entrepreneurship,Entrepreneurship Sub-Sector 3,112,Middle,Beginner,Offline,"Gujarati, Hindi",21,43,Small Business Manager,Entrepreneurship,31677,High,Gujarat
NSQ_161194,Agri-Business & Rural Startup,4,Entrepreneurship,Entrepreneurship Sub-Sector 4,254,Middle,Beginner,Online,English,21,35,Micro-Enterprise Owner,Entrepreneurship,32809,Medium,Tamil Nadu
NSQ_161195,Micro-Enterprise Business Development,7,Entrepreneurship,Entrepreneurship Sub-Sector 4,273,Graduate,Advanced,Online,"Telugu, Bengali, Malayalam, Hindi",19,43,Micro-Enterprise Owner,Entrepreneurship,40795,Medium,Uttar Pradesh
NSQ_161196,Small Business Management,5,Entrepreneurship,Entrepreneurship Sub-Sector 2,298,Secondary,Intermediate,Online,"English, Hindi, Tamil",21,37,Agri-Business Founder,Entrepreneurship,34236,Very_High,Uttar Pradesh
NSQ_161197,Small Business Management,5,Entrepreneurship,Entrepreneurship Sub-Sector 4,146,Middle,Intermediate,Online,"Gujarati, Hindi",15,38,Small Business Manager,Entrepreneurship,31251,High,Maharashtra
NSQ_161198,Agri-Business & Rural Startup,4,Entrepreneurship,Entrepreneurship Sub-Sector 2,114,Middle,Beginner,Blended,"Malayalam, Hindi",21,46,Agri-Business Founder,Entrepreneurship,29434,Medium,Karnataka
NSQ_161199,E-Commerce & Digital Store Setup,6,Entrepreneurship,Entrepreneurship Sub-Sector 1,195,Middle,Intermediate,Online,"Gujarati, Marathi, Malayalam, English",16,42,Small Business Manager,Entrepreneurship,40198,Medium,Gujarat
